{
  "model": "unet_resnet18",
  "input_size": [
    1,
    4,
    256,
    256
  ],
  "n_runs": 10,
  "total_time_s": 1.444666600000346,
  "avg_latency_ms": 144.4666600000346,
  "throughput_img_s": 6.922012317580821
}